ID,source_attractiveness
0,0.3968876389978486
1,0.040088636121307614
2,0.5651423234031807
3,0.31943751145551313
4,0.308944652548123
5,0.08242566392116679
6,0.13241996595435218
7,0.05209168957907723
8,0.11151478979554662
9,0.0744118205795277
10,0.019244631949005275
11,0.4269553129314093
12,0.04038592093357907
13,0.001863158007217175
14,0.09787281309448934
15,0.12310134278384846
16,0.08066938195261225
17,0.041519677309174025
18,0.27703130919681573
19,0.029190193538656484
20,0.34575034898811124
21,0.20270456491790423
22,0.29464041542844666
23,0.3480505762845552
24,0.22152104666699135
25,0.3367171434352225
26,0.5711732595975241
27,0.0464289988691578
28,0.12107476740181916
29,0.26312856324905587
30,0.3568748563504886
31,-0.19785315398523867
32,0.030757704555002208
33,0.061044415052582957
34,0.06324331874578815
35,0.4103225070949389
36,0.09357963789410526
37,0.019029230013630966
38,0.3641775255352829
39,0.009508731168693635
40,0.3690528086204208
41,0.18173259321431526
42,-0.004842349458367784
43,0.06982000360629703
44,0.19337344990340066
45,0.012979749640905508
46,0.041400803237956835
47,0.06918013776997872
48,0.04780808605786069
49,0.24719440250180552
50,0.28002667478261045
51,0.07005714935346513
52,0.3117873968158003
53,0.03983688867178112
54,0.4658101394135936
55,0.26535229034956553
56,0.3196088672315066
57,0.33604347580343863
58,0.04613510175825211
59,0.27436115707858477
60,0.08330925932283659
61,0.2567187279981574
62,0.1385158657754829
63,0.20273192392960976
64,0.0939258617581972
65,0.19555643111349097
66,-0.020609201890432194
67,0.10879307149114809
68,0.3461555422613667
69,0.08650037608206584
70,0.2461861019570569
71,0.04059381469393952
72,0.05739497947468469
73,0.041003909728241084
74,0.035117772887294035
75,-0.0007923874496438554
76,0.034982217725999465
77,0.11222859076107916
78,0.056264432121438696
79,0.2869979603571131
80,0.06273213419525103
81,0.22160715661017483
82,0.30094986826726866
83,0.18751788978868747
84,0.05434072958531924
85,0.04789236547092529
86,0.7128171924332016
87,0.5101497604182593
88,0.015044318729445977
89,0.07124375891143037
90,0.21873927413687413
91,0.0817755753685272
92,0.5547800362602974
93,0.3287488127928089
94,0.20613281033900233
95,0.027350446705847076
96,0.1795179288008195
97,0.12408315756174977
98,0.09009250808502428
99,0.3380261028774926
100,0.31477261401065826
101,0.23495683867150866
102,0.07796601844753709
103,0.18364558624458815
104,0.04832530112906358
105,0.21339446255309785
106,0.3292333819137452
107,0.06178597862972579
108,0.1435668533531807
109,0.1322865364635727
110,0.24115471430316396
111,0.17459769288214727
112,0.18770252126534037
113,0.38832594044993957
114,0.07993146922476463
115,0.50988595514488
116,0.21452207360357922
117,0.2726516458578874
118,0.6784421876936566
119,0.037120048523843235
120,0.17050382744522238
121,0.20367020934182048
122,0.31829298483017937
123,0.4874102942152359
124,0.05115592240339578
125,0.09559082566980465
126,0.17101869433240252
127,0.07536491959247887
128,0.24562137066893047
129,0.14073243951588935
130,0.09160082057028632
131,0.07623982381665473
132,0.26127225399664816
133,0.021240483766213097
134,0.030979697949541862
135,0.2657430023262951
136,0.28225765980075224
137,0.03514176189309759
138,0.04281136053805609
139,0.07041525347180894
140,0.08845568539944396
141,0.05257956794739299
142,0.19279395728877788
143,0.12242931441111153
144,0.24511859933098967
145,0.04112049708788129
146,0.06585173837467373
147,0.06462569826073858
148,0.07930260444978557
149,0.0554887653388228
150,0.3731587256172877
151,0.06011495019788046
152,0.13702296573746958
153,-0.057402312456573734
154,0.25969463741535104
155,0.13296786781998374
156,0.6102274997260246
157,0.5854553148056854
158,0.10467520104999527
159,0.13653607691615696
160,0.30847787533821314
161,0.03707592797605194
162,0.013829088776064535
163,0.03876302252118857
164,0.5418667022325498
165,0.2381512388264503
166,0.041287182204357564
167,0.1340027438203027
168,0.22858731322845194
169,0.180206668447324
170,0.09472394623533353
171,0.5374731703876396
172,0.06638682271694238
173,0.3243510706812771
174,0.07436871368055953
175,0.042810185455598726
176,0.24272580255661375
177,0.12618479828855056
178,0.1189190362311831
179,0.34881251134304553
180,0.3030204094402656
181,-0.03323382720933726
182,0.058223470223041196
183,0.020492867712864238
184,0.04318197141204139
185,0.12460314389397376
186,0.3892059716738555
187,0.11424276909011105
188,0.023920387964886908
189,0.030787310535699913
190,0.10993702487314949
191,0.04057463733119204
192,0.11304744918863188
193,0.03808612159529767
194,0.05412988039254529
195,-0.002157835328390839
196,0.27318979745418964
197,0.23602437282341246
198,0.060859860518391984
199,0.054905399139607874
200,0.45146851877082306
201,0.3790304369072682
202,0.2546151849766692
203,0.3540131094790821
204,0.3383612870685574
205,0.18433730321449726
206,0.19446004258976862
207,0.2647455906345578
208,0.039416042255365935
209,0.27185136193792453
210,0.052017823667064755
211,0.21986049110110753
212,-0.0059056784109723925
213,0.19076328991298092
214,0.07136253416197211
215,0.17504516942798423
216,0.10315026085591311
217,0.2621672561231504
218,0.012822330322035613
219,0.15408969931527036
220,0.12945896969841253
221,0.3432140645791938
222,0.2303839908450665
223,0.20429081201721042
224,0.06951255238646517
225,0.33262882929178894
226,0.12126604353899706
227,0.24039527566254865
228,0.3499694145077217
229,0.03680495062446498
230,0.05078329415983704
231,0.07548692063987139
232,0.07324541306319587
233,-0.01564471130588796
234,0.12152275754958747
235,0.25249419671791573
236,0.10787582715837596
237,0.2335885446830871
238,0.039262355154660755
239,0.07213581449272605
240,0.20895521038649303
241,0.2663418313811464
242,0.028867322812702934
243,0.3095650532616371
244,0.2831546790475723
245,-0.009451992136064208
246,0.44389193612139044
247,0.10631461268872784
248,0.06705611194766084
249,0.04312228532630055
250,0.05902179033046323
251,0.4904096200515952
252,0.118683665201571
253,0.7425687166961275
254,0.3190520875787263
255,0.07582862623460848
256,0.0528513392131455
257,0.28674861017905257
258,0.09884942856644865
259,0.039662473836756695
260,0.17435362678834246
261,0.2420516893157894
262,0.26699032161214586
263,0.18441560189787107
264,0.17306838160280796
265,0.3369068841907663
266,0.026356733580815528
267,0.08181505131385391
268,0.04645041207183756
269,0.6379194546220273
270,0.13597278285521713
271,0.09861330699533977
272,1.2621352027432975
273,0.06467234499625968
274,0.06343921501953328
275,0.07814919452816013
276,0.35598275973651283
277,0.18783308701081614
278,0.4160911654521777
279,0.07254922411348202
280,-0.010005069693101276
281,0.08184092044899013
282,0.008788284395177148
283,0.4323006942543868
284,0.16110962235809664
285,0.16506177783329481
286,0.07069855647981726
287,0.08160295284889085
288,0.2847999218436399
289,0.25316579678410234
290,-0.002667490082075452
291,0.6181697419848344
292,0.049669446007760465
293,0.38259907150745875
294,0.18631880464220937
295,0.13640603790190137
296,0.04499703028993007
297,0.2130335764465043
298,0.669197571485791
299,0.1016042535232263
300,0.4248252006755717
301,0.9035469500410676
302,0.0907339089153272
303,0.11448560438687086
304,0.15619209791639352
305,0.2474461644537682
306,0.15534596020932973
307,0.3162410310147303
308,0.2107712013607255
309,0.06543448803443797
310,0.011789448846784956
311,0.2865234163609096
312,0.1886048115517807
313,0.12338894885405946
314,0.2145280393660574
315,0.32074565872299066
316,0.13574480880676829
317,0.425247364976255
318,0.17570161321207423
319,0.2546120762022348
320,-0.03232497844442128
321,0.07648602723991357
322,0.051106172809990386
323,0.12911945479857717
324,0.1185048697760547
325,0.22110087499101896
326,-0.03292435157321044
327,0.060953412365579274
328,-0.00888973580648314
329,0.26542586881126773
330,0.5829570918300078
331,0.05074220156078019
332,0.3084949066446562
333,0.060356689305690076
334,0.031462433022268865
335,0.026049918908991915
336,0.03187375778878623
337,0.04011675623221622
338,0.0360173868023507
339,0.2340165425142552
340,0.5582267655983703
341,-0.23636993911513832
342,0.2888738194530578
343,0.044911599044618444
344,0.02568501894037678
345,0.01860692502336031
346,0.2248894235515642
347,0.03512137715724692
348,0.12234512128735349
349,0.24271550126973318
350,0.07325981620498456
351,0.6289483528008453
352,0.0329862576172312
353,0.09809562695482552
354,0.08264617908528132
355,0.051698993672571414
356,0.30723002126456456
357,0.24318173656795314
358,0.2201592617763041
359,0.22059940647819176
360,0.07152345928643192
361,0.08968775058741887
362,0.40456459745494044
363,0.06128889700495663
364,0.13088782344836492
365,0.11790612423657784
366,0.2282612859274773
367,0.05154054577487904
368,-0.030299362392169515
369,0.033332289438787494
370,0.16190093430436486
371,0.285782722670942
372,-0.028591408455444667
373,0.4478011678489884
374,0.09060011825666434
375,0.36912494746798175
376,0.06474067948435694
377,0.16115726914111123
378,0.21579472914745068
379,0.005104378079244493
380,0.13106712101129042
381,0.044403133066976935
382,0.3035176115810888
383,0.19583130903275217
384,0.40487967534200076
385,0.15699543395100068
386,0.27519758524534105
387,0.07167424668160319
388,0.06159348529016673
389,0.06490309592031757
390,0.38222459810642473
391,0.8358822032306987
392,0.768877896403513
393,0.14240498694829146
394,0.2899827748506904
395,0.15881510388280382
396,0.5305725556901648
397,0.18548937657814749
398,0.072463566851003
399,-0.04471829805067318
400,0.4066529694788945
401,0.03173778860950602
402,0.10144352710926002
403,0.035264798128185754
404,0.056999740381366626
405,0.23109377824907035
406,0.04071416411212783
407,0.045840010386411695
408,-0.004050163458946016
409,0.028316258393078553
410,0.1674004844855224
411,0.1669240840615273
412,0.03399211475606245
413,0.19868646153071845
414,0.43900046775745244
415,0.04490298900240913
416,0.028319800899545056
417,1.2386137106922384
418,0.04123212143655411
419,0.04655803114797019
420,0.04322105487540251
421,-0.11121232147498955
422,0.26386452050694686
423,0.07550438529531384
424,0.01329719464783749
425,0.01840875678810705
426,0.41455958638397084
427,0.2976306531565854
428,0.04944133926188593
429,0.054221993966563575
430,0.18379659649087352
431,0.01814944950782968
432,0.21929251868154104
433,0.07613865692838195
434,0.0033301504932717607
435,0.12350610630083034
436,0.06401140632167046
437,0.12263851734617963
438,0.012163395399491378
439,0.22812811477332204
440,0.2844545766640601
441,0.23080351704488292
442,0.036698685201113884
443,0.07028652495938553
444,0.7490634958122993
445,0.15552555111738214
446,0.337213063456286
447,0.0536716068788744
448,0.008954684726529272
449,0.41430737588894845
450,0.0844042970740633
451,0.5784915714945389
452,0.06322713055740381
453,0.04940177635082865
454,0.019486714792085913
455,0.3563826864876913
456,0.060477344251570114
457,0.2790201032298256
458,0.10349491821246051
459,0.23245422285803796
460,0.039977669230579216
461,0.39997780894405743
462,0.2554590910554701
463,-0.0010150258620546526
464,0.04418538060287566
465,-0.04192641047966311
466,0.4962003129419376
467,0.18093474417010497
468,0.5231600617615018
469,0.06728793939303979
470,-0.03065933309884067
471,0.08812673135956009
472,0.17985058880071092
473,0.06924046291967267
474,0.0700908869263254
475,0.05150808356810582
476,0.09194147317213536
477,0.19125772745842384
478,0.5468912661403726
479,0.03033533993998369
480,0.2616638205773726
481,0.23819050967630592
482,0.12257057919692563
483,0.006430151115469462
484,0.29352529166956753
485,0.14115937104558157
486,0.06635268722740678
487,0.11697486028636339
488,0.06866616726637187
489,0.07033635405796962
490,0.03421588322690555
491,0.1429731224639273
492,0.1808882092295481
493,0.34626669092233786
494,0.32395824564679
495,0.6793371828585795
496,0.4608555766731349
497,0.08109311069158975
498,0.2686991048677131
499,1.2096831225400146
500,0.24900175992569318
501,0.08470521177825793
502,0.02709895423309744
503,0.26135902641177033
504,0.4761496491083244
505,0.021088641128093166
506,0.5696082935884641
507,-0.08850900629932967
508,0.24264195042159817
509,0.2857645417736923
510,0.3027985020820576
511,0.019538817455483082
512,0.10410503238774255
513,0.12600674737252943
514,0.05152385223392478
515,0.2671406507804581
516,0.23758352243443492
517,0.07804873834120746
518,0.2299967309532987
519,0.17459770375422243
520,0.46356039165125507
521,0.11716840335020012
522,0.2692595610636489
523,0.1791196835191328
524,0.2984751784248909
525,0.09388846194674264
526,0.05684960267732139
527,0.14810248321017386
528,0.08420488490870054
529,0.08356778948706392
530,0.06708734749203302
531,0.024294530343829862
532,0.04446256907274185
533,0.05484881223381083
534,0.06793627041399775
535,0.0850398845529429
536,0.04944232434738366
537,0.4620725907514216
538,-0.020327248705236167
539,0.2840339673920729
540,0.12419218605566021
541,0.10479327170195891
542,0.07338806985706614
543,0.10184463313375036
544,0.27821799568291206
545,0.09086978277636998
546,0.11798328158306773
547,0.19938463580246443
548,0.25380090914118325
549,0.1172169272045782
550,0.5314752970817526
551,0.3796945997076123
552,0.19485292259423312
553,0.2336997933069711
554,0.05723870681852297
555,0.46736138130126287
556,0.23967740011311134
557,-0.004577977328081295
558,0.5099717944832981
559,0.0664955329773918
560,0.13647868887623385
561,0.028660466171946952
562,0.0692859456562415
563,0.0187999739863689
564,0.11962591838839148
565,0.15142792450794768
566,0.34567266737908786
567,0.3448768982905869
568,0.09840118315056584
569,0.042994201879069105
570,0.10608237800349284
571,0.004943181050651085
572,0.045320688503591
573,-0.04744534069177003
574,-0.026879024719701328
575,0.05364581967218959
576,0.22628380925160546
577,0.14146561889739165
578,0.22147883240145871
579,0.43072163695443494
580,0.30288246167890753
581,0.22755566902002178
582,0.12682645517296073
583,0.17282305065141898
584,0.058173767114898856
585,0.41087081157227284
586,0.3930180423333419
587,0.16680417836033004
588,0.2986541226564936
589,0.12743836850985646
590,-0.0013276097831759481
591,0.029483951387763607
592,0.21558412529977036
593,0.1986548878785686
594,0.2533543074596431
595,0.16556561193182315
596,0.030054873716058333
597,0.38543905270672985
598,0.08120022011201156
599,0.42448053181684364
600,0.08967857103724192
601,0.40942421747813995
602,0.3303157243328092
603,0.06285792891488085
604,0.2926082541987723
605,0.1970152335700217
606,0.5342133196203556
607,0.033198977405599406
608,0.18606755656015397
609,0.07319399344287711
610,0.5232347611778104
611,0.22681256402275018
612,0.0700700934115242
613,0.16526710184773286
614,0.372588250798392
615,0.26684051332373804
616,0.0404734523615638
617,0.1303296142724562
618,0.5371716308298471
619,0.2539357660571158
620,0.43586208554223066
621,0.09877630014291436
622,0.04739362528558261
623,0.09873979340469949
624,0.17038798869984767
625,0.3124656270985926
626,0.08308059672400145
627,0.09040454888455804
628,0.037508782825566855
629,-0.06415358592732767
630,0.0854568721261672
631,-0.0235381089740217
632,0.23159823479932
633,0.29393642151530475
634,0.2450009215395956
635,0.1000244736781998
636,0.18568650809772
637,0.11517682060042411
638,0.03133428649414913
639,0.4669351284773608
640,0.04148645269598722
641,0.12182766767634678
642,0.165670429523909
643,0.33987070578675077
644,0.06794098497885809
645,0.1432219677076509
646,-0.0036690740301416336
647,0.10533800476667055
648,0.5779767829154094
649,0.27860436659719184
650,0.17017418097679626
651,0.04273063259675147
652,0.485101014101614
653,0.3721418422882986
654,0.0383893544572661
655,0.13894990998456197
656,0.06390218490929425
657,0.10696987355431872
658,0.2252752971279341
659,0.24021034980258815
660,0.144117656297991
661,0.20099248057369315
662,0.2084704524369477
663,0.3023591714141576
664,1.0333974621893853
665,0.13550493885607257
666,0.34689583710890026
667,0.08934977520249199
668,0.08419675135661245
669,0.0726376470902973
670,0.3776430728300674
671,0.07614432899440404
672,0.26370195825189835
673,0.2961201588914529
674,0.05598000458698482
675,0.04433591474951379
676,0.15433939271541988
677,0.08660752441591726
678,0.15109818629871044
679,0.40965448467096877
680,0.3967945260828235
681,0.039889028660198694
682,0.236089962793596
683,0.22857073778311976
684,0.2197105708570671
685,0.31216036788829193
686,0.8883222976631076
687,0.2685204390485047
688,0.07583060992038432
689,0.11284640852882824
690,0.1368028071678033
691,0.059897151408230764
692,0.028380608699856397
693,0.012587698514058443
694,0.2932630062654782
695,0.20684118040770175
696,0.016069445190905862
697,0.22605354171033717
698,0.03564265905324995
699,0.02244862868518499
700,0.7855663712983059
701,0.17377062678390384
702,0.10612014318904353
703,0.438907021871028
704,0.04168112932407275
705,0.12251674213991588
706,0.0694574578489362
707,0.10334776271967697
708,0.058710033796738254
709,0.6387668850224004
710,0.049026403300304944
711,0.184628535957381
712,0.0403744695383233
713,0.1401148680874541
714,0.05699010078588057
715,0.3183587673777848
716,0.2870456566185452
717,0.3125383162058593
718,0.03825621425811304
719,-0.16700229440888031
720,0.2186447241700359
721,0.05972760430520668
722,0.15085077790496976
723,0.2913980208436717
724,0.1745352879803611
725,0.24947695446252455
726,0.09671009903797975
727,0.09195730586103035
728,0.7545471187414505
729,0.34648930812244594
730,0.2836844244405974
731,0.11731621628250485
732,0.014547522333812929
733,-0.013634775787555092
734,0.06436405969679007
735,0.1263082772058265
736,0.04176401483937908
737,0.2724814559189688
738,0.03616406773301903
739,0.5971926560537026
740,0.07802272396035714
741,0.1410327629031881
742,0.1812893722306046
743,0.03771857534361059
744,-0.05626085766042083
745,0.23409275671228433
746,0.5946666633813902
747,0.24546841101373046
748,0.09419299897367722
749,0.1403059356241594
750,0.1693180415555123
751,0.17269292670038147
752,0.3856994257908547
753,0.1485556713555853
754,0.6410087990229574
755,0.15796922628084487
756,0.43446532509482466
757,0.038529745368967916
758,0.35596921892079164
759,0.02136458884607534
760,-0.1262030058141958
761,0.004069145491286841
762,0.1675715948501542
763,-0.07384366088421723
764,0.04570014446034251
765,0.058001773255762806
766,0.19624237859491722
767,0.07930052657073716
768,0.13164603777357117
769,0.4397132609853078
770,0.18397579395143754
771,0.23158279741830173
772,-0.13292871880602247
773,-0.04840693495243803
774,0.12576536737998067
775,0.12881614178820783
776,0.6006484062842968
777,0.39748552149839544
778,-0.004259341280208523
779,0.14780076787243193
780,0.039008402446905954
781,0.2230399586150239
782,-0.01723618113861819
783,0.01882842483091185
784,0.15235746984749904
785,0.03546391904087215
786,0.06831776928352729
787,0.3746081587002239
788,0.2711483203422662
789,0.03313981384201778
790,0.18064635606324636
791,1.2968895625263486
792,0.0731235249250792
793,0.06677655107235206
794,0.5622501066932462
795,0.0875195159224709
796,0.4898748809613787
797,0.29451779971261705
798,-0.017676646251191835
799,0.35858972468461314
800,0.2908337957050278
801,0.17806392839612442
802,0.3867575402570566
803,0.08209202103281577
804,0.20226614887613442
805,0.051197476623474486
806,0.015979514438908077
807,0.03362713924952371
808,0.0914913213044255
809,0.04732159835167288
810,0.22591886823650334
811,0.06874349962021967
812,0.06837844733204915
813,0.07958347434880869
814,0.13273486524871134
815,0.12691134409636115
816,0.2049791746967725
817,0.05500168733430519
818,0.3846927228412792
819,0.038197609208579175
820,0.24245677589129147
821,0.03023074266616682
822,0.25332007604176904
823,0.09072715684031238
824,0.07986224762509947
825,0.03602394354600874
826,0.041950276412454524
827,0.13180819468236277
828,0.08028746796433187
829,0.20234024455238647
830,0.12507867836734143
831,0.2919486985189431
832,0.020579747486168726
833,0.018376933073008722
834,0.40753625996815285
835,0.09302988218384095
836,0.07245917702290863
837,0.1152803491106328
838,0.3619171294699004
839,0.09168476301290573
840,0.08375644583544639
841,0.07223330208887055
842,0.6975904635455892
843,0.24453758492332328
844,0.29172082967429336
845,0.17765205706703116
846,0.03373060812803563
847,0.054645514429669834
848,0.0010342449209972682
849,0.03854883015801791
850,0.33782462167581406
851,0.1115818057454882
852,0.03552244505244698
853,0.1413909530598837
854,0.08314425893709632
855,0.004193192842677773
856,0.1559272737641161
857,0.496965670278145
858,0.3105193542988407
859,0.17470383172428133
860,0.008204143015340781
861,-0.09073552188999878
862,0.4415523088084802
863,0.37968260347296157
864,0.033309728082216467
865,0.17668469213470148
866,0.06857350145618965
867,0.43909263757264616
868,0.1668842954964771
869,0.37525164699658753
870,0.11646390072307805
871,0.020352507603769554
872,0.11309720399916334
873,0.2459091145580642
874,0.28315180538469326
875,0.327725527856103
876,0.12232877520975172
877,0.23426687566678112
878,0.1570573225630971
879,0.20613545561605673
880,0.07980505054365053
881,0.2674336712595573
882,0.215187430550845
883,0.45928682608578375
884,0.027217602130332585
885,0.3957474640970824
886,0.3792232804213509
887,0.23374347696888056
888,0.1723406048845672
889,0.516845309088003
890,0.32059445342286635
891,0.002082281139456771
892,1.2799244279925146
893,0.17370682312198968
894,0.098021896731597
895,0.16066021734583996
896,0.07766384398358742
897,0.13097211308723156
898,0.016936491258812858
899,0.05138070813988052
900,0.22774392394832405
901,0.07904385809682762
902,0.00809725091951155
903,0.1720692314697457
904,0.3754936764039708
905,0.2611334813193024
906,0.12775341145217595
907,0.04090468132057759
908,0.33812537891209293
909,0.3471504334591769
910,0.06075792503037586
911,0.3021870323473208
912,0.2799178498534355
913,0.15509761219848117
914,0.1518292663695312
915,0.07757200368394584
916,0.14057561799040885
917,-0.02740775014051533
918,0.6343073582399466
919,0.1333680836928624
920,0.03666022407023592
921,0.059806603459616386
922,0.2958573346358082
923,-0.05311178377687309
924,0.03596193608213949
925,1.044039249868465
926,0.08648656903291066
927,0.08626447665381326
928,0.22018724590244876
929,0.1194012907758899
930,0.09764938461369752
931,0.41671750673421265
932,0.07474711582501486
933,0.19343733492337917
934,0.40983089290451036
935,0.3528398796288689
936,0.46899749449443917
937,0.05192191538915225
938,0.504015788860497
939,0.14047616736930213
940,0.04538133126875038
941,0.030523363269369497
942,0.07231565943825902
943,0.3587941809898998
944,0.29534753411900383
945,0.3355678897598179
946,0.075028500407264
947,0.14495470423247406
948,0.16414591773780524
949,0.4580978309977901
950,0.12702212860626183
951,0.3669530687198925
952,0.04806648183089307
953,0.0426030447224163
954,0.2233832647096993
955,0.05504399440922114
956,0.05313573810510219
957,0.49133517086478484
958,0.24017855846131875
959,0.03592224500898886
960,0.06964416347186059
961,0.12142124429236652
962,0.06468341371300929
963,0.17252530796336632
964,0.4903195808667808
965,0.36644115321165094
966,0.37521740686986493
967,0.0009841334340120467
968,0.4789740631819603
969,0.05361124623043831
970,-0.03808260811638403
971,0.20580821564483026
972,0.23016412304429465
973,0.04783052120568626
974,0.0432676877863917
975,0.291483879822499
976,0.11171849084354316
977,0.3370407281579152
978,0.23567804653848606
979,0.45245606627613993
980,0.030935428137290416
981,0.2605701877137441
982,-0.0007301223746570273
983,0.049132894828379375
984,0.25232480579578787
985,0.17333108765201694
986,0.25567478900954393
987,0.05486096200772156
988,0.6659610309518278
989,0.5493375445663266
990,-0.0869984704412411
991,0.060041177180904376
992,0.08959622332920186
993,0.06727719247475916
994,0.05516333320072114
995,0.11006486120436722
996,0.24501279993889258
997,0.5656631380199301
998,0.057156107249492716
999,0.05174989914399086
1000,0.2078424064059645
1001,0.13948104913067255
1002,0.2645915188179902
1003,0.08831169457159904
1004,0.18809122506464918
1005,0.299732178920992
1006,0.05345551863833886
1007,0.015524930894446426
1008,0.06894984421309791
1009,0.057070210994423054
1010,0.026510558498269554
1011,0.1624926241756875
1012,-0.006115395693220449
1013,0.3779633701205179
1014,0.31428100231791434
1015,0.3444712751737362
1016,0.306786385608776
1017,0.2323205790023344
1018,0.4114490680899585
1019,0.09778837302600535
1020,0.25841764819816865
1021,0.08776170592325572
1022,0.1798908626956921
1023,0.10470462356650341
1024,0.03699919918269931
1025,0.12897422110370954
1026,0.08043614522838421
1027,0.5674322849725522
1028,0.09095784971538254
1029,0.05987043407441445
1030,0.05855660874452906
1031,0.044416670854292406
1032,0.13737002156408146
1033,0.4775872783527174
1034,0.05560391509224388
1035,0.16866995394091733
1036,0.1576522489791367
1037,0.20541483107295855
1038,0.14506528765129129
1039,0.2729434873574439
1040,0.1422514893886649
1041,0.24010823417355198
1042,0.052219988546782475
1043,0.8776053369999788
1044,0.04237605362656302
1045,0.23607383076339145
1046,0.363898223876595
1047,0.0640173130129719
1048,0.04839765302019952
1049,0.5135066158798551
1050,-0.014886558898707991
1051,0.4324064436596737
1052,0.041246510532642194
1053,0.5378424855010608
1054,0.06552865086024962
1055,0.03969834058906754
1056,0.5156304264898821
1057,0.37174912472656285
1058,0.04300446358071644
1059,0.2846640501557117
1060,0.3484060986155637
1061,0.048803261431285994
1062,0.10442375988749299
1063,0.18850494539504883
1064,0.8536667326831633
1065,0.2599275301290659
1066,-0.1208185922554792
1067,-0.04579320847996987
1068,0.07272751541639536
1069,0.13895951154225833
1070,0.08037910765905706
1071,0.3778704403972106
1072,0.23418124762010878
1073,0.030052899375981712
1074,0.20315514580934418
1075,-0.004508226009308142
1076,0.27509630852160694
1077,0.10780223302350297
1078,0.29600711266445845
1079,0.014300897700798454
1080,0.19574018908749335
1081,0.05471719821975246
1082,0.3728826356429752
1083,0.1703617788974357
1084,0.03501603053984756
1085,0.25279038378978924
1086,0.07338271817791067
1087,0.26672339556978786
1088,0.30540476938031313
1089,0.20956021183602586
1090,0.17675513316411212
1091,0.30330948124632756
1092,-0.047444089251173105
1093,0.07819161416226389
1094,0.2744548227492458
1095,0.24953124029213294
1096,0.05570132792392271
1097,0.3120367108167578
1098,0.10809904611109623
1099,0.16799686207071624
1100,0.23993096278494414
1101,0.03379457827113416
1102,0.18387492048928952
1103,0.12623654206722873
1104,0.42370850199011756
1105,0.03736835676343045
1106,0.018086893221614914
1107,0.09296044327741759
1108,0.008586668665557351
1109,0.008326351713242391
1110,0.5414221577947238
1111,0.2137047758212233
1112,0.06691797010772091
1113,0.7669489681793522
1114,0.17576987915398734
1115,0.015463383439558137
1116,0.03491420835919254
1117,0.10325809637673179
1118,0.09008654495982424
1119,0.0474654810493505
1120,0.11762228983701947
1121,0.09691550132683727
1122,0.028804051673333275
1123,0.346228442136155
1124,-0.0015643937065929758
1125,0.3702738187311798
1126,0.43168039268032193
1127,0.16835003489830036
1128,0.1487365151741112
1129,0.06599660415288544
1130,0.3514623856030815
1131,0.08449497978349951
1132,0.11100993580387489
1133,0.08704823504354675
1134,0.3337906093534151
1135,0.13283793866599372
1136,0.400332901568629
1137,0.1410488274713074
1138,0.446650414388883
1139,0.026688776180279455
1140,-0.03969242835511111
1141,0.29802909918415055
1142,0.09441808312003669
1143,0.013408680339969725
1144,0.07756366280187413
1145,0.18443563764095042
1146,0.09291391514736391
1147,0.180965954178841
1148,0.21014631413202334
1149,0.11077146472681117
1150,0.8680498545663298
1151,-0.03125296063765287
1152,0.14543333697829838
1153,0.04894623528333933
1154,0.06870062245793701
1155,0.028002825913675866
1156,0.28437997178634156
1157,0.4348251893378647
1158,0.03981836645620451
1159,0.18751997859479574
1160,0.3244488569815589
1161,0.02920072430654516
1162,0.48115571768035775
1163,0.11853995643552417
1164,0.0666261526972654
1165,0.1589236262712225
1166,0.6675459935666264
1167,0.08573406639498504
1168,0.18601316837131027
1169,0.03904933036283098
1170,0.22689414683211598
1171,0.09651186203151138
1172,0.012800106663958921
1173,0.12405605305545053
1174,0.48266122781294724
1175,0.4932175290285125
1176,0.33972926224168143
1177,0.08943740854038568
1178,0.03408243535353378
1179,0.1639454073920373
1180,0.10557120536095238
1181,0.3800628075731718
1182,0.060750859373920024
1183,0.6824720039794815
1184,0.4573477555780677
1185,0.3388850921091675
1186,0.15021648285535455
1187,0.25038349977015023
1188,0.23644572371609482
1189,0.07818084907702105
1190,0.18619211674591615
1191,0.0338480790927759
1192,0.5624429686825712
1193,0.04410443163953007
1194,0.14512891224628477
1195,0.30684248260635755
1196,0.0010075548011182767
1197,0.17825560608070043
1198,0.5987565789491256
1199,0.10460473370656571
1200,0.13695178870684827
1201,0.012118472894248888
1202,0.12159319760215556
1203,0.46702423898940887
1204,0.24426569091245506
1205,0.2612630051546849
1206,0.14062316121963414
1207,0.017445229082600128
1208,-0.017423574284326393
1209,0.038463751518328426
1210,0.2798535765203529
1211,0.30356904833458787
1212,0.08212361223883274
1213,0.036385250459941704
1214,0.3617263924800098
1215,0.15333370947864866
1216,0.21850391241145636
1217,0.07382324522627307
1218,0.023042149454544997
1219,0.18665231449458852
1220,0.3576102157720664
1221,0.535671945020502
1222,0.10185182937591053
1223,0.08920255336539229
1224,0.0054537763708907006
1225,0.07019497654035606
1226,0.24281365771210484
1227,0.3646660406619143
1228,0.19104133533781317
1229,0.2534964504363189
1230,0.08368813616652418
1231,0.055425885501270616
1232,-0.031161961219414946
1233,0.1332070376811921
1234,0.5886197911462401
1235,0.054834123351096664
1236,0.08196134450874121
1237,0.35179255793854486
1238,0.15745133804789938
1239,0.0751462543706283
1240,0.01875544766429582
1241,0.46817053247736307
1242,0.4042566685807445
1243,0.13115926054400678
1244,0.12825904102653954
1245,0.0337881480741741
1246,0.07603506225057863
1247,0.08735077443644143
1248,0.3004597593434898
1249,0.22807741002172457
1250,0.21431945642668665
1251,0.1905743313167005
1252,0.10780793357247347
1253,0.23776970058111754
1254,0.1530273230621327
1255,0.5644105141364335
1256,0.05674140949839601
1257,-0.01468371012219924
1258,0.010154330293322827
1259,0.4789855023361747
1260,0.043530434448893846
1261,0.10942115582467904
1262,0.13996804677793329
1263,0.1344868892817822
1264,0.15674891128821317
1265,0.07052494090879502
1266,0.2833046187106843
1267,0.1105559387177379
1268,0.37827434537758875
1269,0.16640520133460102
1270,0.4887122424108933
1271,0.012093159104789503
1272,0.44049945660248496
1273,0.39424719713319145
1274,0.26865263842075693
1275,0.09872832937638315
1276,0.08733503448215585
1277,0.35076284281330516
1278,0.22144485255259777
1279,0.04647753681922198
1280,0.16995710644417505
1281,0.29689632658093534
1282,0.07574954238744563
1283,0.5732473654253675
1284,0.2909309713170012
1285,0.2542570208937186
1286,-0.0023533424577945605
1287,0.11120575014272953
1288,0.04234254083350869
1289,0.27953616877626325
1290,0.6295657441934785
1291,0.4411160886343689
1292,0.03239764032277098
1293,0.1008062428921824
1294,0.23558841414323423
1295,0.12174562635389802
1296,0.2723344501765754
1297,0.48140703045265587
1298,0.02467144736153487
1299,0.17977991637987997
1300,0.036303455425331976
1301,0.06451907323493328
1302,0.11597290507712767
1303,0.4808036356199565
1304,0.2717061691376834
1305,0.05897447322335317
1306,0.129133446860243
1307,0.022714230520616857
1308,0.04942634758815748
1309,0.03704271570197795
1310,0.07474727003207626
1311,0.1061919947400995
1312,0.7935071157707827
1313,0.03152485532220087
1314,0.0808082376070807
1315,0.05941850287606115
1316,0.20803676352497413
1317,0.43002448969938334
1318,0.04836382015333074
1319,0.27734547000295035
1320,0.041630213894738644
1321,0.0497223651018692
1322,0.05328568015650209
1323,0.23972838409010327
1324,-0.012082670741547452
1325,0.260023106604504
1326,0.16008974853767355
1327,0.20041511116367
1328,0.3148619143828464
1329,0.36573281059092655
1330,0.018815662478662676
1331,0.28223769345995425
1332,0.14673659363679695
1333,0.11331137545937592
1334,0.2300471196238996
1335,0.450911713371916
1336,0.20861334066980616
1337,0.23735906040948193
1338,0.15950137330676184
1339,0.22253760305072495
1340,0.26894120727520354
1341,0.016226689344768674
1342,0.18954906719774148
1343,0.6685607055285889
1344,0.017569251129086028
1345,0.16434263617526415
1346,0.37436947959731004
1347,0.0493148113135517
1348,0.3836806375081754
1349,-0.014644140661640742
1350,0.4376152960373004
1351,0.2486817381065763
1352,0.3577354987253023
1353,0.11293730872312167
1354,0.3474542689754312
1355,0.21833631496872113
1356,0.04483213878195555
1357,0.23686498920458765
1358,0.44999226748836785
1359,0.32194964340224275
1360,0.37662372267542954
1361,0.27533689343394824
1362,0.03910318219915859
1363,0.09344799053210809
1364,0.35232288230849507
1365,0.18638128152306563
1366,0.15994665660269589
1367,0.34697480982553763
1368,0.15869684895163458
1369,0.09392774185429675
1370,0.19729419311599694
1371,0.06995161486490015
1372,0.5554002501868631
1373,0.6192659172395215
1374,0.03678552069260818
1375,0.08097253481683409
1376,0.861860051469006
1377,0.29953458032034014
1378,0.02440298114105205
1379,0.027886246388417912
1380,0.3564028518267562
1381,0.18587844978639215
1382,0.06871436400945086
1383,0.03230072469325762
1384,-0.013546281822347461
1385,0.11508355976612941
1386,0.07980476619184396
1387,0.060157801529534705
1388,0.04434515628721297
1389,0.3356781273050561
1390,0.18268877581980822
1391,0.22795459729899897
1392,0.11585325855849792
1393,0.44649401241184306
1394,0.36056250758746167
1395,0.4793061210178985
1396,0.45852108558354565
1397,0.17909735067884983
1398,0.41161937194660225
1399,0.2299435449522211
1400,0.18470188764989223
1401,0.10179976561314308
1402,0.27760481621383226
1403,0.39295164526745846
1404,0.10889271694760005
1405,0.2823662289943657
1406,0.19672352381686198
1407,-0.06980775595456729
1408,0.22699018892254605
1409,0.41835303153876624
1410,0.16469734084011858
1411,0.3357332412938792
1412,0.2239637901525597
1413,0.04151867007628446
1414,0.003500468664683676
1415,0.011101321715954876
1416,0.11991984720806761
1417,0.44118537584692596
1418,0.06459104091974222
1419,0.008422224934900635
1420,0.34852209205754076
1421,0.2910966456269682
1422,0.005351662293075848
1423,0.24087366015800857
1424,0.40135126647809605
1425,0.549932668279421
1426,0.23365451312935992
1427,0.43790367022225907
1428,-0.033139991327245044
1429,0.05142857726466052
1430,0.2576518966637459
1431,0.10356120320669097
1432,-0.4200786391381069
1433,0.03232540936464151
1434,0.14466950642530846
1435,0.45851081145183936
1436,0.06851242561304757
1437,0.184613118535417
1438,0.09873740152195995
1439,0.2561834664981991
1440,0.0317137889389274
1441,0.023165618775863955
1442,0.0941249277912024
1443,0.2640976835703355
1444,0.09509350943121839
1445,0.10376620004349371
1446,0.0753742777182124
1447,0.24993134402339537
1448,0.049474758043546285
1449,0.4133707515266405
1450,0.25749675782544035
1451,0.1862462133569894
1452,0.29409496282980985
1453,0.06577239096397372
1454,0.19773414753802646
1455,0.6991104975300293
1456,0.19906629121383318
1457,0.1435103339277503
1458,0.19474516423445107
1459,0.1336637981038378
1460,0.26660387056469564
1461,0.22727955871588337
1462,0.05093097151742704
1463,0.23618576711990336
1464,0.0522675993632489
1465,0.14554807765127237
1466,0.24096662591061088
1467,0.28397074292133473
1468,-0.026942907003961347
1469,0.13638263264653644
1470,0.04808515931321947
1471,0.16960395628636146
1472,-0.2084320465609923
1473,0.23762527938488073
1474,0.15125749133291427
1475,0.13101662662860522
1476,0.19651400723606477
1477,0.018542191558101023
1478,0.061941580068916424
1479,0.4371851497649718
1480,0.12050823716795195
1481,0.045691063626882966
1482,0.15523554800647477
1483,0.07579328048042819
1484,0.03716022951485709
1485,0.01788196408471765
1486,-0.02492483741351953
1487,0.05994440224076586
1488,0.25773268097715424
1489,0.06561967184969564
1490,0.14682480292310865
1491,0.07218900955401517
1492,0.35170435631177965
1493,0.3628066724086117
1494,0.3571195917184244
1495,0.04535837185749367
1496,0.011376927184086144
1497,0.0716696864707671
1498,0.4015234773310726
1499,0.03517136247802383
1500,0.018914975497946268
1501,0.2691086412591216
1502,0.3342389186844539
1503,-0.003862328383888114
1504,0.10149617361554236
1505,0.04230347875159893
1506,0.043199742869606844
1507,0.049976922573390925
1508,0.2055368630129979
1509,0.3058645083080417
1510,0.1931669003060059
1511,0.17703001089509102
1512,0.03066698805393453
1513,0.27827491863348014
1514,0.07344648646130256
1515,0.08545759978927081
1516,0.05481874901191694
1517,0.004955911971520344
1518,0.49304930464019536
1519,-0.3833952361277673
1520,0.0769152135664487
1521,0.19893125252142685
1522,0.6243407930687449
1523,0.12553743416319224
1524,0.07893825739991947
1525,0.5368791305073024
1526,0.10748577824864042
1527,0.44610810935583384
1528,0.07525386827722846
1529,0.48280805309412983
1530,0.06304573846472544
1531,0.07970232303566499
1532,0.02737075870340755
1533,-0.039872539870848156
1534,0.3802388431408956
1535,0.06259614877600653
1536,0.5589102220261031
1537,0.08090630279431033
1538,0.6446826419579595
1539,0.36958923434061536
1540,0.09750940102591266
1541,0.3843964126104482
1542,0.4331858496539762
1543,0.20940249705764444
1544,0.24772134457498976
1545,0.3346686047029211
1546,0.36992758620180743
1547,0.22297294246943547
1548,0.3137861008259237
1549,-0.04929647102244972
1550,0.26225007742358786
1551,0.0747087050837692
1552,0.29483787757286706
1553,0.11877683256349436
1554,0.12967549773101428
1555,0.18424321416505732
1556,0.05149824525511096
1557,0.19166161553565628
1558,0.18783320537057452
1559,0.08741306064556173
1560,0.3611643377781562
1561,0.17704862647199587
1562,0.3760370332064483
1563,0.33378920919879157
1564,0.19703998050413124
1565,0.065180305601307
1566,0.057320136759928586
1567,0.0501641408413096
1568,0.10140136520577514
1569,0.1672954688470156
1570,0.1809341026979795
1571,0.029805485357668027
1572,0.1250854512600456
1573,0.03311457891302455
1574,0.14879601265505213
1575,0.48122440900016894
1576,0.04549102417889811
1577,0.1631975299221026
1578,0.054011878183414325
1579,0.03142425929414727
1580,0.051322712131288445
1581,0.24243268867322995
1582,0.283759840858815
1583,0.19940861318383757
1584,0.07500329886502177
1585,0.05709279979808701
1586,0.31042309507029475
1587,0.07459879383936038
1588,0.07744118446125392
1589,0.04739765678278621
1590,0.09873109841061078
1591,0.04875918731447865
1592,0.08389567663621164
1593,0.24545238640691036
1594,0.12761928626005764
1595,0.10143403658952627
1596,0.09197811721498564
1597,0.18947756257771375
1598,0.15463072055524496
1599,0.032795510528322275
1600,0.11116863850534346
1601,0.08660872564137928
1602,0.3266246720451331
1603,0.06616524808703453
1604,0.11149952344602809
1605,0.04205826645061367
1606,0.24294396982580327
1607,0.04662456958189509
1608,0.04072567337387631
1609,0.5409978389654783
1610,-0.09773910250697287
1611,0.0383367847410766
1612,0.05785283999528648
1613,0.11141909580450382
1614,-0.2899681763073541
1615,0.028885751561685297
1616,0.034697455784298725
1617,0.38451933160750135
1618,0.22641871954233375
1619,0.47441214770225737
1620,0.0020911990930086444
1621,0.39596134947167094
1622,-0.0007876973690774669
1623,0.12393049557749444
1624,0.19363214833124412
1625,0.20598281382468936
1626,0.11121180022559847
1627,0.3340471345104477
1628,0.17473635030945614
1629,0.2262187847415025
1630,0.038766605917840036
1631,0.04009567979125567
1632,0.39664455088701844
1633,0.11032719150658812
1634,0.12189317707098346
1635,0.09557447013651968
1636,0.07488088628221101
1637,0.046252761995978664
1638,0.00824322899258742
1639,0.05891351270478057
1640,0.3748852440972549
1641,0.017069236925977588
1642,0.1675650776889706
1643,0.9390239853591233
1644,-0.15414983479000177
1645,0.16370151781110912
1646,0.18689408365053387
1647,0.047762784343360565
1648,0.07266174334085701
1649,0.03256275099593495
1650,0.2049299485160121
1651,0.23528347455101856
1652,0.23792481609119756
1653,0.23768012221538737
1654,0.09287179189707095
1655,0.08600705798950986
1656,0.3000346072176865
1657,0.12372324958734252
1658,0.12834809497361566
1659,0.07558333822040536
1660,0.11266528393749241
1661,0.2664341048920551
1662,0.2588204616779912
1663,0.24853219426540474
1664,0.2748193321764781
1665,0.042492717784875234
1666,0.46428931763740566
1667,0.16760806079140594
1668,0.050596827191613264
1669,0.20763888510795592
1670,0.1433724555702266
1671,-0.017282161084827635
1672,0.3628420007483192
1673,0.13397879662797543
1674,0.04339596977543092
1675,0.23687356507514895
1676,0.3023010706846089
1677,-0.011867526693690983
1678,0.0507017473274623
1679,0.2587481216551473
1680,-0.0070811934290814504
1681,0.28055565506608054
1682,0.09093404584707737
1683,0.4017748882493362
1684,0.08581492933792803
1685,0.44239469248128765
1686,0.24905137196239113
1687,0.033796269338809415
1688,0.21415133669635023
1689,0.5115035435256805
1690,0.07478022386309519
1691,0.2912777926011718
1692,-0.03662461246462623
1693,0.09526033025674496
1694,0.07764803883479626
1695,0.174121567401668
1696,0.3421354918199506
1697,0.1078882410226373
1698,0.16194793134977087
1699,0.04335605399147399
1700,0.04996337966716358
1701,0.10045603982112555
1702,0.07854984281806615
1703,0.008601146415202265
1704,0.06363939435287505
1705,0.07238563419778662
1706,0.09895313284102839
1707,0.06777524971031304
1708,0.3091586910689003
1709,0.2188947112340456
1710,0.23135554202989697
1711,0.1266759640212241
1712,0.09215127056326788
1713,0.16187289918530964
1714,0.35713138105814335
1715,0.11774280358397268
1716,0.23286011909437793
1717,0.009603206636806777
1718,0.022117234245636053
1719,0.06966977132581201
1720,0.1652263765873875
1721,0.1714312035454055
1722,0.1877863091966118
1723,0.1265834594782393
1724,0.01411525725918189
1725,0.010544290609483531
1726,0.08587013526895726
1727,0.02200416553507087
1728,0.061352806648683866
1729,0.3194126545221765
1730,0.32299328690973494
1731,0.24626399229801138
1732,0.03999540080958025
1733,0.051160554514460166
1734,0.23156149076901555
1735,0.02386810511589821
1736,0.11821316366176231
1737,0.5637002333340347
1738,0.4856375742702987
1739,0.05458410720013568
1740,0.03536775305885356
1741,0.4729609290259441
1742,0.1656060072973836
1743,0.48632968648788183
1744,0.5000131937995549
1745,0.17624961527203414
1746,0.1279454107578875
1747,0.29722925425517444
1748,0.24983176864437917
1749,0.03583191234817623
1750,0.06631379647525745
1751,0.30105641809970474
1752,0.1177156564540609
1753,0.21071217449236418
1754,0.07245362934222435
1755,0.021247503384630384
1756,0.07668536571393736
1757,0.041063969461702404
1758,0.06917487843629253
1759,0.12502761784120814
1760,0.39594475020880765
1761,0.2617581215422213
1762,0.26576097317041514
1763,0.2529718574483707
1764,0.6359090778394978
1765,0.08551824014785361
1766,0.3696411007488828
1767,0.05430792490515793
1768,0.2114752396228723
1769,0.32763491191123656
1770,0.25677583536862814
1771,0.023813893047567813
1772,0.18785923786907374
1773,0.294702073666124
1774,0.35849819649531034
1775,0.3156709619205242
1776,0.09918314319865634
1777,0.039682222116102644
1778,0.5461059812074055
1779,0.036492189649570156
1780,0.07055301689396445
1781,0.2990297644097746
1782,0.2744377147533433
1783,-0.08803851647704242
1784,0.23450449887292277
1785,0.29673127312571834
1786,0.054807797136435216
1787,0.3249949911480076
1788,0.01665846974114457
1789,0.68320580976164
1790,0.15083055634437886
1791,-0.025079120597447824
1792,0.0907821991398361
1793,0.19945485017663286
1794,0.033370363595645186
1795,0.15078893656574044
1796,0.32677660747605886
1797,0.2825696528528181
1798,0.1202557635671076
1799,0.11773858897017957
1800,0.14910171407598025
1801,0.2615630519616706
1802,0.05153635556828015
1803,0.10548888384578753
1804,0.20806842432104747
1805,-0.03209654443655896
1806,0.09718264334463736
1807,0.081459018485043
1808,0.1820923588198928
1809,0.2669119441545705
1810,0.0044031917434338985
1811,0.432537272057511
1812,0.1949130248433991
1813,0.15855561227584086
1814,0.37184962455135123
1815,0.5545896759180067
1816,0.19743924526480433
1817,0.2396527652182397
1818,-0.21261095225094678
1819,0.09261060039731359
1820,0.2568955291406012
1821,0.30338799903873753
1822,0.051416654826867275
1823,0.37867806812167865
1824,0.20192296489141306
1825,0.09086220810935922
1826,0.2178548368911134
1827,0.35929467802045945
1828,0.14725346159901
1829,0.3004817873339744
1830,0.46103518318518333
1831,0.2768384837492761
1832,0.10200134494252813
1833,0.2278438439985564
1834,0.025006029921869816
1835,0.2018382165469949
1836,0.15717564563643707
1837,0.21814763045803726
1838,0.11300334090782055
1839,0.13329325000920006
1840,0.1199672923128613
1841,0.03150551613218036
1842,0.25792731746011655
1843,0.37530981690720355
1844,0.2541526569701384
1845,0.1325751744050927
1846,0.18805847796181266
1847,0.14988184227794338
1848,0.07508007929765592
1849,0.10151816168321881
1850,0.08387035321334413
1851,0.24367154311538528
1852,0.00018192604556835357
1853,0.2870253379392572
1854,0.2607488984373501
1855,0.19370714562530958
1856,0.10801775591219265
1857,0.052706077091263764
1858,0.09486871170970151
1859,0.009529984847881257
1860,0.03716124458083661
1861,0.14773035534650775
1862,0.18354199441716726
1863,0.11209763837606557
1864,0.07493403288609102
1865,0.05125658730352464
1866,0.23530988928962177
1867,0.19115584138941233
1868,0.05336180920810024
1869,0.34448970696449965
1870,0.22533688064024993
1871,0.222786554189425
1872,0.21574511757297044
1873,0.3012952403465173
1874,0.15937812921345804
1875,0.48398612167819993
1876,0.0332463278830567
1877,0.05367432520588511
1878,0.004792314665396286
1879,0.32009746314087
1880,0.02096154544319076
1881,0.07603493137896544
1882,0.14824680925120406
1883,0.06768387656085326
1884,0.19654347569797675
1885,0.03524011240592087
1886,0.18847201142007933
1887,0.2290933623519346
1888,0.07320652683130963
1889,0.09004271060310107
1890,0.07132025834027006
1891,0.23754839420651755
1892,0.08900649160075616
1893,0.6372058322913323
1894,0.21119603652654953
1895,0.1635671112326972
1896,0.13778830296961947
1897,0.08048264545102005
1898,0.35095275367173456
1899,0.3584002237970309
1900,0.09546759421167036
1901,0.06805357605979775
1902,0.04293933637909464
1903,0.03281904979200653
1904,0.2631440715072722
1905,0.1747465747927278
1906,0.012410405531122548
1907,0.039694647166525904
1908,0.03726122162117948
1909,0.03654046944546602
1910,0.08216978224658414
1911,0.0827074444940171
1912,0.12210549548693779
1913,0.292919916540379
1914,0.45599884324192624
1915,0.0492886557306379
1916,0.12853051766267315
1917,0.060254778186846825
1918,0.1828543304124739
1919,0.03377327894102203
1920,0.033557264958233135
1921,0.13523051777964706
1922,0.05968997882357269
1923,0.28220377400502716
1924,-0.044942249293124126
1925,0.057301744847558456
1926,-0.03213741794652186
1927,0.31118874496576254
1928,0.020823607110518477
1929,-0.04255837128186435
1930,0.3863216188772628
1931,0.2615151656212572
1932,0.16217395903198134
1933,0.1765255834882364
1934,0.3345584303356955
1935,0.0890606763125171
1936,0.3632677246995918
1937,0.2970803110676956
1938,0.40548214113767767
1939,1.0270576265516833
1940,0.0534888129605961
1941,0.30231801121157553
1942,0.28339970628867445
1943,0.15948412350039265
1944,-0.013769066145328857
1945,0.08674447990270706
1946,0.03598322440947524
1947,0.2697492572633557
1948,0.2398608966690165
1949,0.2153360722744539
1950,0.05669771680668767
1951,0.27544700969459235
1952,0.09369364030276744
1953,0.09979136635512448
1954,0.5266448993632291
1955,0.024871825738287445
1956,0.04126703731767442
1957,0.09633218099240143
1958,0.04902455381790649
1959,0.12678011215261042
1960,0.27096176519548393
1961,0.11092476754299985
1962,0.2005563738224685
1963,0.6688448225896542
1964,0.29620113198265385
1965,0.24908611576878276
1966,0.11115054563676673
1967,0.22336462914957644
1968,0.028073704184914866
1969,0.2186122604309692
1970,0.24699134113847868
1971,0.2122273243420736
1972,0.13426638900610505
1973,0.09423730927680898
1974,0.054368698806088966
1975,0.31583416688801924
1976,0.3810719164841309
1977,0.047129382513625
1978,0.04347184527234335
1979,0.2396688805580607
1980,0.11871237685141817
1981,0.06272558814693463
1982,0.04834331108511822
1983,0.24750141680323245
1984,0.1497260492972232
1985,0.10992136964804272
1986,-0.02628462235619783
1987,0.12882092562951797
1988,0.044732660379774275
1989,0.1260172896661968
1990,0.18082912014513317
1991,0.43348819524207605
1992,-0.26912545540589955
1993,0.007460855926281734
1994,0.5054765732045097
1995,0.25105497250440834
1996,0.3275322391434954
1997,-0.02241116819482783
1998,0.2843318213716962
1999,0.07697562579062028
